Subject Number,File Name,Dataset,Endpoints from Video,Timepoints for Tasks (before removal),Final Channels and Timepoints to Delete,Notes,Notes (Matt & Elita),Notes (Sarah),Notes (Rishitha and Michael),Notes(Kelly),Notes(Claire)                        
22,22_A2.xdf_NeuroArch__0.1Hz_100Hz_CL_Events.set,A2/A3,"392 seconds is the beginning, in EEG time, of A3",,AF7 1900?,,"[0 392, 496 500, 503 509, 516 524, 526 538, 586 612, 616 625, 630 642, 675 679, 696 673, 733 746, 831 841, 890 892, 913 923, 1018 1029, 1033 1044, 1072 1079, 1101 1111, 1114 1124, 1133 1144, 1265 1270, 1345 1348, 1355 1358, 1389 1397, 1509 1512, 1679 1691, 1750 1752, 1791 1794, 1808 1811, 1900 1915, 1971 1982, 2045 2047, 2199 2201,]","[0 392, 495 500, 675 678, 696.2 698.8, 889 891.5, 1267 1268.6","[0 392, 496 500, 675 678, 696 699, 890 891.5, 1267 1268.5 , 1286 1349, 1355 1357, 1393 1396, 1509 1512, 1750.5 1752, 1791.5 1793, 2043 2048, 2200 2201.5] AF7 1900","[0 392, 496 500, 674 678, 696 700, 890 891.5, 1267 1268.5, 1345.5 1347.5, 1355 1356.5, 1393 1396, 1509 1512, 1750.5 1751.5, 1791.5 1793, 1808.5  1810, 1900 1915, 2045.5 2046.5,  2199 2101, ]",
6,,,"Video A2 start = 1:25, Video A2 end = 7:06, Duration = 341 seconds","DST_One_start []  (duration  seconds), BT_One_start []  (duration  seconds), ST_One_start []  (duration  seconds), PST_One_start []  (duration  seconds), VMT_One_start [] (duration  seconds), ",,,,,,,
,,,,"DST_Two_start []  (duration  seconds), BT_Two_start []  (duration  seconds), ST_Two_start []  (duration  seconds), PST_Two_start []  (duration  seconds), VMT_Two_start [] (duration  seconds), ",,,,,,,
,,,,"DST_Blue_start []  (duration  seconds), BT_Blue_start []  (duration  seconds), ST_Blue_start []  (duration  seconds), PST_Blue_start []  (duration  seconds), VMT_Blue_start [] (duration  seconds), ",,,,,,,
,,,,"DST_Red_start []  (duration  seconds), BT_Red_start []  (duration  seconds), ST_Red_start []  (duration  seconds), PST_Red_start []  (duration  seconds), VMT_Red_start [] (duration  seconds), ",,,,,,,
,,,,"DST_Teach_start []  (duration  seconds), BT_Teach_start []  (duration  seconds), ST_Teach_start []  (duration  seconds), PST_Teach_start []  (duration  seconds), VMT_Teach_start [] (duration  seconds), ",,,,,,,
,,,,"DST_Narrow_start []  (duration  seconds), BT_Narrow_start []  (duration  seconds), ST_Narrow_start []  (duration  seconds), PST_Narrow_start []  (duration  seconds), VMT_Narrow_start [] (duration  seconds), ",,,,,,,
,,,,"DST_Green_start []  (duration  seconds), BT_Green_start []  (duration  seconds), ST_Green_start []  (duration  seconds), PST_Green_start []  (duration  seconds), VMT_Green_start [] (duration  seconds), ",,,,,,,
,,,,"DST_Wide_start []  (duration  seconds), BT_Wide_start []  (duration  seconds), ST_Wide_start []  (duration  seconds), PST_Wide_start []  (duration  seconds), VMT_Wide_start [] (duration  seconds), ",,,,,,,
,,,,"DST_Bar_start []  (duration  seconds), BT_Bar_start []  (duration  seconds), ST_Bar_start []  (duration  seconds), PST_Bar_start []  (duration  seconds), VMT_Bar_start [] (duration  seconds), ",,,,,,,
7,,,"Video A2 start = 2:13, Video A2 end = 09:02, Duration = 409 seconds, in EEG, ""A2A3 trigger start"" is at 41.93 seconds. So end of A2 is 451 seconds.","DST_One_start []  (duration  seconds), BT_One_start []  (duration  seconds), ST_One_start []  (duration  seconds), PST_One_start []  (duration  seconds), VMT_One_start [] (duration  seconds), ",,,,,,,
,,,,"DST_Two_start []  (duration  seconds), BT_Two_start []  (duration  seconds), ST_Two_start []  (duration  seconds), PST_Two_start []  (duration  seconds), VMT_Two_start [] (duration  seconds), ",,,,,,,
,,,,"DST_Blue_start []  (duration  seconds), BT_Blue_start []  (duration  seconds), ST_Blue_start []  (duration  seconds), PST_Blue_start []  (duration  seconds), VMT_Blue_start [] (duration  seconds), ",,,,,,,
,,,,"DST_Red_start []  (duration  seconds), BT_Red_start []  (duration  seconds), ST_Red_start []  (duration  seconds), PST_Red_start []  (duration  seconds), VMT_Red_start [] (duration  seconds), ",,,,,,,
,,,,"DST_Teach_start []  (duration  seconds), BT_Teach_start []  (duration  seconds), ST_Teach_start []  (duration  seconds), PST_Teach_start []  (duration  seconds), VMT_Teach_start [] (duration  seconds), ",,,,,,,
,,,,"DST_Narrow_start []  (duration  seconds), BT_Narrow_start []  (duration  seconds), ST_Narrow_start []  (duration  seconds), PST_Narrow_start []  (duration  seconds), VMT_Narrow_start [] (duration  seconds), ",,,,,,,
,,,,"DST_Green_start []  (duration  seconds), BT_Green_start []  (duration  seconds), ST_Green_start []  (duration  seconds), PST_Green_start []  (duration  seconds), VMT_Green_start [] (duration  seconds), ",,,,,,,
,,,,"DST_Wide_start []  (duration  seconds), BT_Wide_start []  (duration  seconds), ST_Wide_start []  (duration  seconds), PST_Wide_start []  (duration  seconds), VMT_Wide_start [] (duration  seconds), ",,,,,,,
,,,,"DST_Bar_start []  (duration  seconds), BT_Bar_start []  (duration  seconds), ST_Bar_start []  (duration  seconds), PST_Bar_start []  (duration  seconds), VMT_Bar_start [] (duration  seconds), ",,,,,,,
8,08_A2xdf_NeuroArch_0.1Hz_100Hz_CL_Events.set,A2/A3,"Video A2 start = 1:28, Video A2 restart = 5:08, Video A2 end =10:14, Duration = 306, in EEG, ""A2A3 trigger start"" is at 22.08 seconds. So end of A2 is 329 seconds.","DST_One_start []  (duration  seconds), BT_One_start []  (duration  seconds), ST_One_start []  (duration  seconds), PST_One_start []  (duration  seconds), VMT_One_start [] (duration  seconds), ",C6? from 1950.335 forward,,,,,,"[374.81 431.78, 452.7 453.7, 556.64 566.13, 688.61 696.62, 815.76 819.25, 861.38 867.91, 943.65 946.03, 990.54 992.47, 1066.28 1068.65, 1118.065 1120.513, 1169.77 1173.33, 1286.46 1288.242, 1321.84 1322.59, 1392.54 1395.73, 1406.78 1409.01, 1603.82 1606.49, 2316.16 2314.28, 2418.1 2419.54, 2926.67 2928.005, 2988.39 2989.28, 3284.6 33288.31, 3311.6 3313.4]"
,,,,"DST_Two_start []  (duration  seconds), BT_Two_start []  (duration  seconds), ST_Two_start []  (duration  seconds), PST_Two_start []  (duration  seconds), VMT_Two_start [] (duration  seconds), ",,,,,,,
,,,,"DST_Blue_start []  (duration  seconds), BT_Blue_start []  (duration  seconds), ST_Blue_start []  (duration  seconds), PST_Blue_start []  (duration  seconds), VMT_Blue_start [] (duration  seconds), ",,,,,,,
,,,,"DST_Red_start []  (duration  seconds), BT_Red_start []  (duration  seconds), ST_Red_start []  (duration  seconds), PST_Red_start []  (duration  seconds), VMT_Red_start [] (duration  seconds), ",,,,,,,
,,,,"DST_Teach_start []  (duration  seconds), BT_Teach_start []  (duration  seconds), ST_Teach_start []  (duration  seconds), PST_Teach_start []  (duration  seconds), VMT_Teach_start [] (duration  seconds), ",,,,,,,
,,,,"DST_Narrow_start []  (duration  seconds), BT_Narrow_start []  (duration  seconds), ST_Narrow_start []  (duration  seconds), PST_Narrow_start []  (duration  seconds), VMT_Narrow_start [] (duration  seconds), ",,,,,,,
,,,,"DST_Green_start []  (duration  seconds), BT_Green_start []  (duration  seconds), ST_Green_start []  (duration  seconds), PST_Green_start []  (duration  seconds), VMT_Green_start [] (duration  seconds), ",,,,,,,
,,,,"DST_Wide_start []  (duration  seconds), BT_Wide_start []  (duration  seconds), ST_Wide_start []  (duration  seconds), PST_Wide_start []  (duration  seconds), VMT_Wide_start [] (duration  seconds), ",,,,,,,
,,,,"DST_Bar_start []  (duration  seconds), BT_Bar_start []  (duration  seconds), ST_Bar_start []  (duration  seconds), PST_Bar_start []  (duration  seconds), VMT_Bar_start [] (duration  seconds), ",,,,,,,
9,,,"Video A2 start = 1:03, Video A2 end = 14:25.. Duration = 13 minutes 22 seconds,Video A2 starts again at 4:14 EEG end of A2: 802 seconds + 4 second buffer at the beginning of EEG = 806, EEG start is at 4.106 seconds","DST_One_start []  (duration  seconds), BT_One_start []  (duration  seconds), ST_One_start []  (duration  seconds), PST_One_start []  (duration  seconds), VMT_One_start [] (duration  seconds), ",,,,,,,
,,,,"DST_Two_start []  (duration  seconds), BT_Two_start []  (duration  seconds), ST_Two_start []  (duration  seconds), PST_Two_start []  (duration  seconds), VMT_Two_start [] (duration  seconds), ",,,,,,,
,,,,"DST_Blue_start []  (duration  seconds), BT_Blue_start []  (duration  seconds), ST_Blue_start []  (duration  seconds), PST_Blue_start []  (duration  seconds), VMT_Blue_start [] (duration  seconds), ",,,,,,,
,,,,"DST_Red_start []  (duration  seconds), BT_Red_start []  (duration  seconds), ST_Red_start []  (duration  seconds), PST_Red_start []  (duration  seconds), VMT_Red_start [] (duration  seconds), ",,,,,,,
,,,,"DST_Teach_start []  (duration  seconds), BT_Teach_start []  (duration  seconds), ST_Teach_start []  (duration  seconds), PST_Teach_start []  (duration  seconds), VMT_Teach_start [] (duration  seconds), ",,,,,,,
,,,,"DST_Narrow_start []  (duration  seconds), BT_Narrow_start []  (duration  seconds), ST_Narrow_start []  (duration  seconds), PST_Narrow_start []  (duration  seconds), VMT_Narrow_start [] (duration  seconds), ",,,,,,,
,,,,"DST_Green_start []  (duration  seconds), BT_Green_start []  (duration  seconds), ST_Green_start []  (duration  seconds), PST_Green_start []  (duration  seconds), VMT_Green_start [] (duration  seconds), ",,,,,,,
,,,,"DST_Wide_start []  (duration  seconds), BT_Wide_start []  (duration  seconds), ST_Wide_start []  (duration  seconds), PST_Wide_start []  (duration  seconds), VMT_Wide_start [] (duration  seconds), ",,,,,,,
,,,,"DST_Bar_start []  (duration  seconds), BT_Bar_start []  (duration  seconds), ST_Bar_start []  (duration  seconds), PST_Bar_start []  (duration  seconds), VMT_Bar_start [] (duration  seconds), ",,,,,,,
10,,,"Video A2 start = 2:28, Video A2 end =08:38, Duration = 370, in EEG, ""A2A3 trigger start"" is at 26.04 seconds. So end of A2 is 397 seconds.","DST_One_start []  (duration  seconds), BT_One_start []  (duration  seconds), ST_One_start []  (duration  seconds), PST_One_start []  (duration  seconds), VMT_One_start [] (duration  seconds), ",,,,,,,
,,,,"DST_Two_start []  (duration  seconds), BT_Two_start []  (duration  seconds), ST_Two_start []  (duration  seconds), PST_Two_start []  (duration  seconds), VMT_Two_start [] (duration  seconds), ",,,,,,,
,,,,"DST_Blue_start []  (duration  seconds), BT_Blue_start []  (duration  seconds), ST_Blue_start []  (duration  seconds), PST_Blue_start []  (duration  seconds), VMT_Blue_start [] (duration  seconds), ",,,,,,,
,,,,"DST_Red_start []  (duration  seconds), BT_Red_start []  (duration  seconds), ST_Red_start []  (duration  seconds), PST_Red_start []  (duration  seconds), VMT_Red_start [] (duration  seconds), ",,,,,,,
,,,,"DST_Teach_start []  (duration  seconds), BT_Teach_start []  (duration  seconds), ST_Teach_start []  (duration  seconds), PST_Teach_start []  (duration  seconds), VMT_Teach_start [] (duration  seconds), ",,,,,,,
,,,,"DST_Narrow_start []  (duration  seconds), BT_Narrow_start []  (duration  seconds), ST_Narrow_start []  (duration  seconds), PST_Narrow_start []  (duration  seconds), VMT_Narrow_start [] (duration  seconds), ",,,,,,,
,,,,"DST_Green_start []  (duration  seconds), BT_Green_start []  (duration  seconds), ST_Green_start []  (duration  seconds), PST_Green_start []  (duration  seconds), VMT_Green_start [] (duration  seconds), ",,,,,,,
,,,,"DST_Wide_start []  (duration  seconds), BT_Wide_start []  (duration  seconds), ST_Wide_start []  (duration  seconds), PST_Wide_start []  (duration  seconds), VMT_Wide_start [] (duration  seconds), ",,,,,,,
,,,,"DST_Bar_start []  (duration  seconds), BT_Bar_start []  (duration  seconds), ST_Bar_start []  (duration  seconds), PST_Bar_start []  (duration  seconds), VMT_Bar_start [] (duration  seconds), ",,,,,,,
11,,,"Video A2 start = 1:09, Video A2 end =10:10, Duration = 541, in EEG, ""A2A3 trigger start"" is at 16.29 seconds. So end of A2 is 558 seconds.","DST_One_start [1448 1506]  (duration 58 seconds), BT_One_start [1513 1538]  (duration 25 seconds), ST_One_start [2348 2375]  (duration 27 seconds), PST_One_start [2386 2401]  (duration 15 seconds), VMT_One_start [2407 2430] (duration 23 seconds), ",,,,,,,
,,,,"DST_Two_start [1161 1211]  (duration 50 seconds), BT_Two_start [1217 1238]  (duration 21 seconds), ST_Two_start [1679 1705]  (duration 26 seconds), PST_Two_start [1716 1731]  (duration 15 seconds), VMT_Two_start [1737 1759] (duration 22 seconds), ",,,,,,,
,,,,"DST_Blue_start [961 1012]  (duration 51 seconds), BT_Blue_start [1018 1043]  (duration 25 seconds), ST_Blue_start [2148 2175]  (duration 27 seconds), PST_Blue_start [2185 2200]  (duration 15 seconds), VMT_Blue_start [2207 2227] (duration 20 seconds), ",,,,,,,
,,,,"DST_Red_start [1255 1323]  (duration 68 seconds), BT_Red_start [1310 1330]  (duration 20 seconds), ST_Red_start [1774 1801]  (duration 27 seconds), PST_Red_start [1811 1827]  (duration 16 seconds), VMT_Red_start [1833 1853] (duration 20 seconds), ",,,,,,,
,,,,"DST_Teach_start [854 908]  (duration 54 seconds), BT_Teach_start [915 941]  (duration 26 seconds), ST_Teach_start [2447 2475]  (duration 28 seconds), PST_Teach_start [2486 2501]  (duration 15 seconds), VMT_Teach_start [2507 2532] (duration 25 seconds), ",,,,,,,
,,,,"DST_Narrow_start [659 717]  (duration 58 seconds), BT_Narrow_start [720 744]  (duration 24 seconds), ST_Narrow_start [2256 2283]  (duration 27 seconds), PST_Narrow_start [2293 2309]  (duration 16 seconds), VMT_Narrow_start [2315 2337] (duration 22 seconds), ",,,,,,,
,,,,"DST_Green_start [764 809]  (duration 45 seconds), BT_Green_start [815 833]  (duration 18 seconds), ST_Green_start [1868 1894]  (duration 26 seconds), PST_Green_start [1895 1920]  (duration 25 seconds), VMT_Green_start [1927 1949] (duration 22 seconds), ",,,,,,,
,,,,"DST_Wide_start [1059 1112]  (duration 53 seconds), BT_Wide_start [1118 1143]  (duration 25 seconds), ST_Wide_start [2054 2081]  (duration 27 seconds), PST_Wide_start [2092 2107]  (duration 15 seconds), VMT_Wide_start [2113 2134] (duration 21 seconds), ",,,,,,,
,,,,"DST_Bar_start [1347 1395]  (duration 48 seconds), BT_Bar_start [1401 1428]  (duration 27 seconds), ST_Bar_start [1963 1988]  (duration 25 seconds), PST_Bar_start [1999 2024]  (duration 25 seconds), VMT_Bar_start [2021 2042] (duration 21 seconds), ",,,,,,,
12,,,"Video A2 start = 1:00, Video A2 restart = 5:10, Video A2 end =10:20, Duration = 306, in EEG, ""A2A3 trigger start"" is at 14.332 seconds. So end of A2 is 327 seconds.","DST_One_start []  (duration  seconds), BT_One_start []  (duration  seconds), ST_One_start []  (duration  seconds), PST_One_start []  (duration  seconds), VMT_One_start [] (duration  seconds), ",,,,,,,
,,,,"DST_Two_start []  (duration  seconds), BT_Two_start []  (duration  seconds), ST_Two_start []  (duration  seconds), PST_Two_start []  (duration  seconds), VMT_Two_start [] (duration  seconds), ",,,,,,,
,,,,"DST_Blue_start []  (duration  seconds), BT_Blue_start []  (duration  seconds), ST_Blue_start []  (duration  seconds), PST_Blue_start []  (duration  seconds), VMT_Blue_start [] (duration  seconds), ",,,,,,,
,,,,"DST_Red_start []  (duration  seconds), BT_Red_start []  (duration  seconds), ST_Red_start []  (duration  seconds), PST_Red_start []  (duration  seconds), VMT_Red_start [] (duration  seconds), ",,,,,,,
,,,,"DST_Teach_start []  (duration  seconds), BT_Teach_start []  (duration  seconds), ST_Teach_start []  (duration  seconds), PST_Teach_start []  (duration  seconds), VMT_Teach_start [] (duration  seconds), ",,,,,,,
,,,,"DST_Narrow_start []  (duration  seconds), BT_Narrow_start []  (duration  seconds), ST_Narrow_start []  (duration  seconds), PST_Narrow_start []  (duration  seconds), VMT_Narrow_start [] (duration  seconds), ",,,,,,,
,,,,"DST_Green_start []  (duration  seconds), BT_Green_start []  (duration  seconds), ST_Green_start []  (duration  seconds), PST_Green_start []  (duration  seconds), VMT_Green_start [] (duration  seconds), ",,,,,,,
,,,,"DST_Wide_start []  (duration  seconds), BT_Wide_start []  (duration  seconds), ST_Wide_start []  (duration  seconds), PST_Wide_start []  (duration  seconds), VMT_Wide_start [] (duration  seconds), ",,,,,,,
,,,,"DST_Bar_start []  (duration  seconds), BT_Bar_start []  (duration  seconds), ST_Bar_start []  (duration  seconds), PST_Bar_start []  (duration  seconds), VMT_Bar_start [] (duration  seconds), ",,,,,,,
13,,,"Video A2 start = 1:58, Video A2 end =08:55, Duration = 417, in EEG, ""A2A3 trigger start"" is at 15.06 seconds. So end of A2 is 433 seconds.","DST_One_start []  (duration  seconds), BT_One_start []  (duration  seconds), ST_One_start []  (duration  seconds), PST_One_start []  (duration  seconds), VMT_One_start [] (duration  seconds), ",,,,,,,
,,,,"DST_Two_start []  (duration  seconds), BT_Two_start []  (duration  seconds), ST_Two_start []  (duration  seconds), PST_Two_start []  (duration  seconds), VMT_Two_start [] (duration  seconds), ",,,,,,,
,,,,"DST_Blue_start []  (duration  seconds), BT_Blue_start []  (duration  seconds), ST_Blue_start []  (duration  seconds), PST_Blue_start []  (duration  seconds), VMT_Blue_start [] (duration  seconds), ",,,,,,,
,,,,"DST_Red_start []  (duration  seconds), BT_Red_start []  (duration  seconds), ST_Red_start []  (duration  seconds), PST_Red_start []  (duration  seconds), VMT_Red_start [] (duration  seconds), ",,,,,,,
,,,,"DST_Teach_start []  (duration  seconds), BT_Teach_start []  (duration  seconds), ST_Teach_start []  (duration  seconds), PST_Teach_start []  (duration  seconds), VMT_Teach_start [] (duration  seconds), ",,,,,,,
,,,,"DST_Narrow_start []  (duration  seconds), BT_Narrow_start []  (duration  seconds), ST_Narrow_start []  (duration  seconds), PST_Narrow_start []  (duration  seconds), VMT_Narrow_start [] (duration  seconds), ",,,,,,,
,,,,"DST_Green_start []  (duration  seconds), BT_Green_start []  (duration  seconds), ST_Green_start []  (duration  seconds), PST_Green_start []  (duration  seconds), VMT_Green_start [] (duration  seconds), ",,,,,,,
,,,,"DST_Wide_start []  (duration  seconds), BT_Wide_start []  (duration  seconds), ST_Wide_start []  (duration  seconds), PST_Wide_start []  (duration  seconds), VMT_Wide_start [] (duration  seconds), ",,,,,,,
,,,,"DST_Bar_start []  (duration  seconds), BT_Bar_start []  (duration  seconds), ST_Bar_start []  (duration  seconds), PST_Bar_start []  (duration  seconds), VMT_Bar_start [] (duration  seconds), ",,,,,,,
14,,,"Video A2 start = 1:30, Video A2 end =08:09, Duration = 400, in EEG, ""A2A3 trigger start"" is at 31.42 seconds. So end of A2 is 432 seconds.","DST_One_start []  (duration  seconds), BT_One_start []  (duration  seconds), ST_One_start []  (duration  seconds), PST_One_start []  (duration  seconds), VMT_One_start [] (duration  seconds), ",,,,,,,
,,,,"DST_Two_start []  (duration  seconds), BT_Two_start []  (duration  seconds), ST_Two_start []  (duration  seconds), PST_Two_start []  (duration  seconds), VMT_Two_start [] (duration  seconds), ",,,,,,,
,,,,"DST_Blue_start []  (duration  seconds), BT_Blue_start []  (duration  seconds), ST_Blue_start []  (duration  seconds), PST_Blue_start []  (duration  seconds), VMT_Blue_start [] (duration  seconds), ",,,,,,,
,,,,"DST_Red_start []  (duration  seconds), BT_Red_start []  (duration  seconds), ST_Red_start []  (duration  seconds), PST_Red_start []  (duration  seconds), VMT_Red_start [] (duration  seconds), ",,,,,,,
,,,,"DST_Teach_start []  (duration  seconds), BT_Teach_start []  (duration  seconds), ST_Teach_start []  (duration  seconds), PST_Teach_start []  (duration  seconds), VMT_Teach_start [] (duration  seconds), ",,,,,,,
,,,,"DST_Narrow_start []  (duration  seconds), BT_Narrow_start []  (duration  seconds), ST_Narrow_start []  (duration  seconds), PST_Narrow_start []  (duration  seconds), VMT_Narrow_start [] (duration  seconds), ",,,,,,,
,,,,"DST_Green_start []  (duration  seconds), BT_Green_start []  (duration  seconds), ST_Green_start []  (duration  seconds), PST_Green_start []  (duration  seconds), VMT_Green_start [] (duration  seconds), ",,,,,,,
,,,,"DST_Wide_start []  (duration  seconds), BT_Wide_start []  (duration  seconds), ST_Wide_start []  (duration  seconds), PST_Wide_start []  (duration  seconds), VMT_Wide_start [] (duration  seconds), ",,,,,,,
,,,,"DST_Bar_start []  (duration  seconds), BT_Bar_start []  (duration  seconds), ST_Bar_start []  (duration  seconds), PST_Bar_start []  (duration  seconds), VMT_Bar_start [] (duration  seconds), ",,,,,,,
15,,,"Video A2 start = 6:21, Video A2 end =12:19, Duration = 358, in EEG, ""A2A3 trigger start"" is at 31.52 seconds. So end of A2 is 389 seconds.","DST_One_start []  (duration  seconds), BT_One_start []  (duration  seconds), ST_One_start []  (duration  seconds), PST_One_start []  (duration  seconds), VMT_One_start [] (duration  seconds), ",,,,,,,
,,,,"DST_Two_start []  (duration  seconds), BT_Two_start []  (duration  seconds), ST_Two_start []  (duration  seconds), PST_Two_start []  (duration  seconds), VMT_Two_start [] (duration  seconds), ",,,,,,,
,,,,"DST_Blue_start []  (duration  seconds), BT_Blue_start []  (duration  seconds), ST_Blue_start []  (duration  seconds), PST_Blue_start []  (duration  seconds), VMT_Blue_start [] (duration  seconds), ",,,,,,,
,,,,"DST_Red_start []  (duration  seconds), BT_Red_start []  (duration  seconds), ST_Red_start []  (duration  seconds), PST_Red_start []  (duration  seconds), VMT_Red_start [] (duration  seconds), ",,,,,,,
,,,,"DST_Teach_start []  (duration  seconds), BT_Teach_start []  (duration  seconds), ST_Teach_start []  (duration  seconds), PST_Teach_start []  (duration  seconds), VMT_Teach_start [] (duration  seconds), ",,,,,,,
,,,,"DST_Narrow_start []  (duration  seconds), BT_Narrow_start []  (duration  seconds), ST_Narrow_start []  (duration  seconds), PST_Narrow_start []  (duration  seconds), VMT_Narrow_start [] (duration  seconds), ",,,,,,,
,,,,"DST_Green_start []  (duration  seconds), BT_Green_start []  (duration  seconds), ST_Green_start []  (duration  seconds), PST_Green_start []  (duration  seconds), VMT_Green_start [] (duration  seconds), ",,,,,,,
,,,,"DST_Wide_start []  (duration  seconds), BT_Wide_start []  (duration  seconds), ST_Wide_start []  (duration  seconds), PST_Wide_start []  (duration  seconds), VMT_Wide_start [] (duration  seconds), ",,,,,,,
,,,,"DST_Bar_start []  (duration  seconds), BT_Bar_start []  (duration  seconds), ST_Bar_start []  (duration  seconds), PST_Bar_start []  (duration  seconds), VMT_Bar_start [] (duration  seconds), ",,,,,,,
16,,,"Video A2 start = 2:23, Video A2 end = 7:55, Duration = 332, in EEG, ""A2A3 trigger start"" is at 106 seconds. So end of A2 is 438 seconds.","DST_One_start []  (duration  seconds), BT_One_start []  (duration  seconds), ST_One_start []  (duration  seconds), PST_One_start []  (duration  seconds), VMT_One_start [] (duration  seconds), ",,,,,,,
,,,,"DST_Two_start []  (duration  seconds), BT_Two_start []  (duration  seconds), ST_Two_start []  (duration  seconds), PST_Two_start []  (duration  seconds), VMT_Two_start [] (duration  seconds), ",,,,,,,
,,,,"DST_Blue_start []  (duration  seconds), BT_Blue_start []  (duration  seconds), ST_Blue_start []  (duration  seconds), PST_Blue_start []  (duration  seconds), VMT_Blue_start [] (duration  seconds), ",,,,,,,
,,,,"DST_Red_start []  (duration  seconds), BT_Red_start []  (duration  seconds), ST_Red_start []  (duration  seconds), PST_Red_start []  (duration  seconds), VMT_Red_start [] (duration  seconds), ",,,,,,,
,,,,"DST_Teach_start []  (duration  seconds), BT_Teach_start []  (duration  seconds), ST_Teach_start []  (duration  seconds), PST_Teach_start []  (duration  seconds), VMT_Teach_start [] (duration  seconds), ",,,,,,,
,,,,"DST_Narrow_start []  (duration  seconds), BT_Narrow_start []  (duration  seconds), ST_Narrow_start []  (duration  seconds), PST_Narrow_start []  (duration  seconds), VMT_Narrow_start [] (duration  seconds), ",,,,,,,
,,,,"DST_Green_start []  (duration  seconds), BT_Green_start []  (duration  seconds), ST_Green_start []  (duration  seconds), PST_Green_start []  (duration  seconds), VMT_Green_start [] (duration  seconds), ",,,,,,,
,,,,"DST_Wide_start []  (duration  seconds), BT_Wide_start []  (duration  seconds), ST_Wide_start []  (duration  seconds), PST_Wide_start []  (duration  seconds), VMT_Wide_start [] (duration  seconds), ",,,,,,,
,,,,"DST_Bar_start []  (duration  seconds), BT_Bar_start []  (duration  seconds), ST_Bar_start []  (duration  seconds), PST_Bar_start []  (duration  seconds), VMT_Bar_start [] (duration  seconds), ",,,,,,,
17,,,"Video A2 start = 1:21, Video A2 end = 8:54, Duration = 453, in EEG, ""A2A3 trigger start"" is at 23 seconds. So end of A2 is 476 seconds.","DST_One_start []  (duration  seconds), BT_One_start []  (duration  seconds), ST_One_start []  (duration  seconds), PST_One_start []  (duration  seconds), VMT_One_start [] (duration  seconds), ",,,,,,,
,,,,"DST_Two_start []  (duration  seconds), BT_Two_start []  (duration  seconds), ST_Two_start []  (duration  seconds), PST_Two_start []  (duration  seconds), VMT_Two_start [] (duration  seconds), ",,,,,,,
,,,,"DST_Blue_start []  (duration  seconds), BT_Blue_start []  (duration  seconds), ST_Blue_start []  (duration  seconds), PST_Blue_start []  (duration  seconds), VMT_Blue_start [] (duration  seconds), ",,,,,,,
,,,,"DST_Red_start []  (duration  seconds), BT_Red_start []  (duration  seconds), ST_Red_start []  (duration  seconds), PST_Red_start []  (duration  seconds), VMT_Red_start [] (duration  seconds), ",,,,,,,
,,,,"DST_Teach_start []  (duration  seconds), BT_Teach_start []  (duration  seconds), ST_Teach_start []  (duration  seconds), PST_Teach_start []  (duration  seconds), VMT_Teach_start [] (duration  seconds), ",,,,,,,
,,,,"DST_Narrow_start []  (duration  seconds), BT_Narrow_start []  (duration  seconds), ST_Narrow_start []  (duration  seconds), PST_Narrow_start []  (duration  seconds), VMT_Narrow_start [] (duration  seconds), ",,,,,,,
,,,,"DST_Green_start []  (duration  seconds), BT_Green_start []  (duration  seconds), ST_Green_start []  (duration  seconds), PST_Green_start []  (duration  seconds), VMT_Green_start [] (duration  seconds), ",,,,,,,
,,,,"DST_Wide_start []  (duration  seconds), BT_Wide_start []  (duration  seconds), ST_Wide_start []  (duration  seconds), PST_Wide_start []  (duration  seconds), VMT_Wide_start [] (duration  seconds), ",,,,,,,
,,,,"DST_Bar_start []  (duration  seconds), BT_Bar_start []  (duration  seconds), ST_Bar_start []  (duration  seconds), PST_Bar_start []  (duration  seconds), VMT_Bar_start [] (duration  seconds), ",,,,,,,
18,,,"Video A2 start = 00:10, Video A2 end = 11:50, Duration = 700, in EEG, ""A2A3 trigger start"" is at ","DST_One_start []  (duration  seconds), BT_One_start []  (duration  seconds), ST_One_start []  (duration  seconds), PST_One_start []  (duration  seconds), VMT_One_start [] (duration  seconds), ",,,,,,,
,,,,"DST_Two_start []  (duration  seconds), BT_Two_start []  (duration  seconds), ST_Two_start []  (duration  seconds), PST_Two_start []  (duration  seconds), VMT_Two_start [] (duration  seconds), ",,,,,,,
,,,,"DST_Blue_start []  (duration  seconds), BT_Blue_start []  (duration  seconds), ST_Blue_start []  (duration  seconds), PST_Blue_start []  (duration  seconds), VMT_Blue_start [] (duration  seconds), ",,,,,,,
,,,,"DST_Red_start []  (duration  seconds), BT_Red_start []  (duration  seconds), ST_Red_start []  (duration  seconds), PST_Red_start []  (duration  seconds), VMT_Red_start [] (duration  seconds), ",,,,,,,
,,,,"DST_Teach_start []  (duration  seconds), BT_Teach_start []  (duration  seconds), ST_Teach_start []  (duration  seconds), PST_Teach_start []  (duration  seconds), VMT_Teach_start [] (duration  seconds), ",,,,,,,
,,,,"DST_Narrow_start []  (duration  seconds), BT_Narrow_start []  (duration  seconds), ST_Narrow_start []  (duration  seconds), PST_Narrow_start []  (duration  seconds), VMT_Narrow_start [] (duration  seconds), ",,,,,,,
,,,,"DST_Green_start []  (duration  seconds), BT_Green_start []  (duration  seconds), ST_Green_start []  (duration  seconds), PST_Green_start []  (duration  seconds), VMT_Green_start [] (duration  seconds), ",,,,,,,
,,,,"DST_Wide_start []  (duration  seconds), BT_Wide_start []  (duration  seconds), ST_Wide_start []  (duration  seconds), PST_Wide_start []  (duration  seconds), VMT_Wide_start [] (duration  seconds), ",,,,,,,
,,,,"DST_Bar_start []  (duration  seconds), BT_Bar_start []  (duration  seconds), ST_Bar_start []  (duration  seconds), PST_Bar_start []  (duration  seconds), VMT_Bar_start [] (duration  seconds), ",,,,,,,
19,,,"Video A2 start = 4:02, Video A2 end = 10:48, Duration = 406, in EEG, ""A2A3 trigger start"" is at 94.35 seconds. So end of A2 is 500.35 seconds.","DST_One_start []  (duration  seconds), BT_One_start []  (duration  seconds), ST_One_start []  (duration  seconds), PST_One_start []  (duration  seconds), VMT_One_start [] (duration  seconds), ",,,,,,,
,,,,"DST_Two_start []  (duration  seconds), BT_Two_start []  (duration  seconds), ST_Two_start []  (duration  seconds), PST_Two_start []  (duration  seconds), VMT_Two_start [] (duration  seconds), ",,,,,,,
,,,,"DST_Blue_start []  (duration  seconds), BT_Blue_start []  (duration  seconds), ST_Blue_start []  (duration  seconds), PST_Blue_start []  (duration  seconds), VMT_Blue_start [] (duration  seconds), ",,,,,,,
,,,,"DST_Red_start []  (duration  seconds), BT_Red_start []  (duration  seconds), ST_Red_start []  (duration  seconds), PST_Red_start []  (duration  seconds), VMT_Red_start [] (duration  seconds), ",,,,,,,
,,,,"DST_Teach_start []  (duration  seconds), BT_Teach_start []  (duration  seconds), ST_Teach_start []  (duration  seconds), PST_Teach_start []  (duration  seconds), VMT_Teach_start [] (duration  seconds), ",,,,,,,
,,,,"DST_Narrow_start []  (duration  seconds), BT_Narrow_start []  (duration  seconds), ST_Narrow_start []  (duration  seconds), PST_Narrow_start []  (duration  seconds), VMT_Narrow_start [] (duration  seconds), ",,,,,,,
,,,,"DST_Green_start []  (duration  seconds), BT_Green_start []  (duration  seconds), ST_Green_start []  (duration  seconds), PST_Green_start []  (duration  seconds), VMT_Green_start [] (duration  seconds), ",,,,,,,
,,,,"DST_Wide_start []  (duration  seconds), BT_Wide_start []  (duration  seconds), ST_Wide_start []  (duration  seconds), PST_Wide_start []  (duration  seconds), VMT_Wide_start [] (duration  seconds), ",,,,,,,
,,,,"DST_Bar_start []  (duration  seconds), BT_Bar_start []  (duration  seconds), ST_Bar_start []  (duration  seconds), PST_Bar_start []  (duration  seconds), VMT_Bar_start [] (duration  seconds), ",,,,,,,
20,,,"Video A2 start = 1:31, Video A2 end = 7:16, Duration = 345, in EEG, ""A2A3 trigger start"" is at 16.994 seconds. So end of A2 is 362 seconds.","DST_One_start []  (duration  seconds), BT_One_start []  (duration  seconds), ST_One_start []  (duration  seconds), PST_One_start []  (duration  seconds), VMT_One_start [] (duration  seconds), ",,,,,,,
,,,,"DST_Two_start []  (duration  seconds), BT_Two_start []  (duration  seconds), ST_Two_start []  (duration  seconds), PST_Two_start []  (duration  seconds), VMT_Two_start [] (duration  seconds), ",,,,,,,
,,,,"DST_Blue_start []  (duration  seconds), BT_Blue_start []  (duration  seconds), ST_Blue_start []  (duration  seconds), PST_Blue_start []  (duration  seconds), VMT_Blue_start [] (duration  seconds), ",,,,,,,
,,,,"DST_Red_start []  (duration  seconds), BT_Red_start []  (duration  seconds), ST_Red_start []  (duration  seconds), PST_Red_start []  (duration  seconds), VMT_Red_start [] (duration  seconds), ",,,,,,,
,,,,"DST_Teach_start []  (duration  seconds), BT_Teach_start []  (duration  seconds), ST_Teach_start []  (duration  seconds), PST_Teach_start []  (duration  seconds), VMT_Teach_start [] (duration  seconds), ",,,,,,,
,,,,"DST_Narrow_start []  (duration  seconds), BT_Narrow_start []  (duration  seconds), ST_Narrow_start []  (duration  seconds), PST_Narrow_start []  (duration  seconds), VMT_Narrow_start [] (duration  seconds), ",,,,,,,
,,,,"DST_Green_start []  (duration  seconds), BT_Green_start []  (duration  seconds), ST_Green_start []  (duration  seconds), PST_Green_start []  (duration  seconds), VMT_Green_start [] (duration  seconds), ",,,,,,,
,,,,"DST_Wide_start []  (duration  seconds), BT_Wide_start []  (duration  seconds), ST_Wide_start []  (duration  seconds), PST_Wide_start []  (duration  seconds), VMT_Wide_start [] (duration  seconds), ",,,,,,,
,,,,"DST_Bar_start []  (duration  seconds), BT_Bar_start []  (duration  seconds), ST_Bar_start []  (duration  seconds), PST_Bar_start []  (duration  seconds), VMT_Bar_start [] (duration  seconds), ",,,,,,,
21,,,"no A2 start, Video A2A3 end = 51:54, Video A2 start = 2:31, EEG trigger B at 20.58 , EEG end at 334","DST_One_start []  (duration  seconds), BT_One_start []  (duration  seconds), ST_One_start []  (duration  seconds), PST_One_start []  (duration  seconds), VMT_One_start [] (duration  seconds), ",,,,,,,
,,,,"DST_Two_start []  (duration  seconds), BT_Two_start []  (duration  seconds), ST_Two_start []  (duration  seconds), PST_Two_start []  (duration  seconds), VMT_Two_start [] (duration  seconds), ",,,,,,,
,,,,"DST_Blue_start []  (duration  seconds), BT_Blue_start []  (duration  seconds), ST_Blue_start []  (duration  seconds), PST_Blue_start []  (duration  seconds), VMT_Blue_start [] (duration  seconds), ",,,,,,,
,,,,"DST_Red_start []  (duration  seconds), BT_Red_start []  (duration  seconds), ST_Red_start []  (duration  seconds), PST_Red_start []  (duration  seconds), VMT_Red_start [] (duration  seconds), ",,,,,,,
,,,,"DST_Teach_start []  (duration  seconds), BT_Teach_start []  (duration  seconds), ST_Teach_start []  (duration  seconds), PST_Teach_start []  (duration  seconds), VMT_Teach_start [] (duration  seconds), ",,,,,,,
,,,,"DST_Narrow_start []  (duration  seconds), BT_Narrow_start []  (duration  seconds), ST_Narrow_start []  (duration  seconds), PST_Narrow_start []  (duration  seconds), VMT_Narrow_start [] (duration  seconds), ",,,,,,,
,,,,"DST_Green_start []  (duration  seconds), BT_Green_start []  (duration  seconds), ST_Green_start []  (duration  seconds), PST_Green_start []  (duration  seconds), VMT_Green_start [] (duration  seconds), ",,,,,,,
,,,,"DST_Wide_start []  (duration  seconds), BT_Wide_start []  (duration  seconds), ST_Wide_start []  (duration  seconds), PST_Wide_start []  (duration  seconds), VMT_Wide_start [] (duration  seconds), ",,,,,,,
,,,,"DST_Bar_start []  (duration  seconds), BT_Bar_start []  (duration  seconds), ST_Bar_start []  (duration  seconds), PST_Bar_start []  (duration  seconds), VMT_Bar_start [] (duration  seconds), ",,,,,,,
22,,,"Video A2 start: 2:05, and last task ends at 7:20. A2 video duration = 5:32. In EEG, 'trigger A2A3 start' is at 4.7 seconds, so A2 ends in EEG at 312 seconds. ","DST_One_start []  (duration  seconds), BT_One_start []  (duration  seconds), ST_One_start []  (duration  seconds), PST_One_start []  (duration  seconds), VMT_One_start [] (duration  seconds), ",,,,,,,
,,,,"DST_Two_start []  (duration  seconds), BT_Two_start []  (duration  seconds), ST_Two_start []  (duration  seconds), PST_Two_start []  (duration  seconds), VMT_Two_start [] (duration  seconds), ",,,,,,,
,,,,"DST_Blue_start []  (duration  seconds), BT_Blue_start []  (duration  seconds), ST_Blue_start []  (duration  seconds), PST_Blue_start []  (duration  seconds), VMT_Blue_start [] (duration  seconds), ",,,,,,,
,,,,"DST_Red_start []  (duration  seconds), BT_Red_start []  (duration  seconds), ST_Red_start []  (duration  seconds), PST_Red_start []  (duration  seconds), VMT_Red_start [] (duration  seconds), ",,,,,,,
,,,,"DST_Teach_start []  (duration  seconds), BT_Teach_start []  (duration  seconds), ST_Teach_start []  (duration  seconds), PST_Teach_start []  (duration  seconds), VMT_Teach_start [] (duration  seconds), ",,,,,,,
,,,,"DST_Narrow_start []  (duration  seconds), BT_Narrow_start []  (duration  seconds), ST_Narrow_start []  (duration  seconds), PST_Narrow_start []  (duration  seconds), VMT_Narrow_start [] (duration  seconds), ",,,,,,,
,,,,"DST_Green_start []  (duration  seconds), BT_Green_start []  (duration  seconds), ST_Green_start []  (duration  seconds), PST_Green_start []  (duration  seconds), VMT_Green_start [] (duration  seconds), ",,,,,,,
,,,,"DST_Wide_start []  (duration  seconds), BT_Wide_start []  (duration  seconds), ST_Wide_start []  (duration  seconds), PST_Wide_start []  (duration  seconds), VMT_Wide_start [] (duration  seconds), ",,,,,,,
,,,,"DST_Bar_start []  (duration  seconds), BT_Bar_start []  (duration  seconds), ST_Bar_start []  (duration  seconds), PST_Bar_start []  (duration  seconds), VMT_Bar_start [] (duration  seconds), ",,,,,,,
23,subject23- Desktop 2018.08.16- 13.35.59.01,,"Video A2 start: 3:09, and last task ends at 8:13. A2 video duration = 239 seconds. No trigger A2A3 start in EEG, trigger B start in EEG at 10.6 seconds, end is at 309 second","DST_One_start []  (duration  seconds), BT_One_start []  (duration  seconds), ST_One_start []  (duration  seconds), PST_One_start []  (duration  seconds), VMT_One_start [] (duration  seconds), ",,,,,,,
,,,,"DST_Two_start []  (duration  seconds), BT_Two_start []  (duration  seconds), ST_Two_start []  (duration  seconds), PST_Two_start []  (duration  seconds), VMT_Two_start [] (duration  seconds), ",,,,,,,
,,,,"DST_Blue_start []  (duration  seconds), BT_Blue_start []  (duration  seconds), ST_Blue_start []  (duration  seconds), PST_Blue_start []  (duration  seconds), VMT_Blue_start [] (duration  seconds), ",,,,,,,
,,,,"DST_Red_start []  (duration  seconds), BT_Red_start []  (duration  seconds), ST_Red_start []  (duration  seconds), PST_Red_start []  (duration  seconds), VMT_Red_start [] (duration  seconds), ",,,,,,,
,,,,"DST_Teach_start []  (duration  seconds), BT_Teach_start []  (duration  seconds), ST_Teach_start []  (duration  seconds), PST_Teach_start []  (duration  seconds), VMT_Teach_start [] (duration  seconds), ",,,,,,,
,,,,"DST_Narrow_start []  (duration  seconds), BT_Narrow_start []  (duration  seconds), ST_Narrow_start []  (duration  seconds), PST_Narrow_start []  (duration  seconds), VMT_Narrow_start [] (duration  seconds), ",,,,,,,
,,,,"DST_Green_start []  (duration  seconds), BT_Green_start []  (duration  seconds), ST_Green_start []  (duration  seconds), PST_Green_start []  (duration  seconds), VMT_Green_start [] (duration  seconds), ",,,,,,,
,,,,"DST_Wide_start []  (duration  seconds), BT_Wide_start []  (duration  seconds), ST_Wide_start []  (duration  seconds), PST_Wide_start []  (duration  seconds), VMT_Wide_start [] (duration  seconds), ",,,,,,,
,,,,"DST_Bar_start []  (duration  seconds), BT_Bar_start []  (duration  seconds), ST_Bar_start []  (duration  seconds), PST_Bar_start []  (duration  seconds), VMT_Bar_start [] (duration  seconds), ",,,,,,,
24,,,"Video A2 start: 1:00, second video A2 start: 2:22. A2 video duration: 5:28. In EEG, the first 'trigger A2A3 start' is at 16.1 seconds and the second 'trigger A2A3 start' is at 97.3 seconds. A2 ends in EEG at 425.3 seconds.","DST_One_start []  (duration  seconds), BT_One_start []  (duration  seconds), ST_One_start []  (duration  seconds), PST_One_start []  (duration  seconds), VMT_One_start [] (duration  seconds), ",,,,,,,
,,,,"DST_Two_start []  (duration  seconds), BT_Two_start []  (duration  seconds), ST_Two_start []  (duration  seconds), PST_Two_start []  (duration  seconds), VMT_Two_start [] (duration  seconds), ",,,,,,,
,,,,"DST_Blue_start []  (duration  seconds), BT_Blue_start []  (duration  seconds), ST_Blue_start []  (duration  seconds), PST_Blue_start []  (duration  seconds), VMT_Blue_start [] (duration  seconds), ",,,,,,,
,,,,"DST_Red_start []  (duration  seconds), BT_Red_start []  (duration  seconds), ST_Red_start []  (duration  seconds), PST_Red_start []  (duration  seconds), VMT_Red_start [] (duration  seconds), ",,,,,,,
,,,,"DST_Teach_start []  (duration  seconds), BT_Teach_start []  (duration  seconds), ST_Teach_start []  (duration  seconds), PST_Teach_start []  (duration  seconds), VMT_Teach_start [] (duration  seconds), ",,,,,,,
,,,,"DST_Narrow_start []  (duration  seconds), BT_Narrow_start []  (duration  seconds), ST_Narrow_start []  (duration  seconds), PST_Narrow_start []  (duration  seconds), VMT_Narrow_start [] (duration  seconds), ",,,,,,,
,,,,"DST_Green_start []  (duration  seconds), BT_Green_start []  (duration  seconds), ST_Green_start []  (duration  seconds), PST_Green_start []  (duration  seconds), VMT_Green_start [] (duration  seconds), ",,,,,,,
,,,,"DST_Wide_start []  (duration  seconds), BT_Wide_start []  (duration  seconds), ST_Wide_start []  (duration  seconds), PST_Wide_start []  (duration  seconds), VMT_Wide_start [] (duration  seconds), ",,,,,,,
,,,,"DST_Bar_start []  (duration  seconds), BT_Bar_start []  (duration  seconds), ST_Bar_start []  (duration  seconds), PST_Bar_start []  (duration  seconds), VMT_Bar_start [] (duration  seconds), ",,,,,,,
25,,,"no A2 start, used EEG 12 as reference point for timepoints (press save),  Video ""trigger A2A3"" at 2:12 ","DST_One_start []  (duration  seconds), BT_One_start []  (duration  seconds), ST_One_start []  (duration  seconds), PST_One_start []  (duration  seconds), VMT_One_start [] (duration  seconds), ",,,,,,,
,,,,"DST_Two_start []  (duration  seconds), BT_Two_start []  (duration  seconds), ST_Two_start []  (duration  seconds), PST_Two_start []  (duration  seconds), VMT_Two_start [] (duration  seconds), ",,,,,,,
,,,,"DST_Blue_start []  (duration  seconds), BT_Blue_start []  (duration  seconds), ST_Blue_start []  (duration  seconds), PST_Blue_start []  (duration  seconds), VMT_Blue_start [] (duration  seconds), ",,,,,,,
,,,,"DST_Red_start []  (duration  seconds), BT_Red_start []  (duration  seconds), ST_Red_start []  (duration  seconds), PST_Red_start []  (duration  seconds), VMT_Red_start [] (duration  seconds), ",,,,,,,
,,,,"DST_Teach_start []  (duration  seconds), BT_Teach_start []  (duration  seconds), ST_Teach_start []  (duration  seconds), PST_Teach_start []  (duration  seconds), VMT_Teach_start [] (duration  seconds), ",,,,,,,
,,,,"DST_Narrow_start []  (duration  seconds), BT_Narrow_start []  (duration  seconds), ST_Narrow_start []  (duration  seconds), PST_Narrow_start []  (duration  seconds), VMT_Narrow_start [] (duration  seconds), ",,,,,,,
,,,,"DST_Green_start []  (duration  seconds), BT_Green_start []  (duration  seconds), ST_Green_start []  (duration  seconds), PST_Green_start []  (duration  seconds), VMT_Green_start [] (duration  seconds), ",,,,,,,
,,,,"DST_Wide_start []  (duration  seconds), BT_Wide_start []  (duration  seconds), ST_Wide_start []  (duration  seconds), PST_Wide_start []  (duration  seconds), VMT_Wide_start [] (duration  seconds), ",,,,,,,
,,,,"DST_Bar_start []  (duration  seconds), BT_Bar_start []  (duration  seconds), ST_Bar_start []  (duration  seconds), PST_Bar_start []  (duration  seconds), VMT_Bar_start [] (duration  seconds), ",,,,,,,
26,,,"Video A2 start = 1:39, and then the re-start at 4:22, Video A2 end = 10:28 .. Duration = 366 seconds .. so in EEG, ""A2A3 trigger start"" is at 12.2 seconds and then a re-start at 175.37. So end of A2 is 529+175.2 = 704.2","DST_One_start []  (duration  seconds), BT_One_start []  (duration  seconds), ST_One_start []  (duration  seconds), PST_One_start []  (duration  seconds), VMT_One_start [] (duration  seconds), ",,? from 3051.2 3357.1,,,,,"[128.84 166.05, 485.53 490.4, 643.22 644.98, 1800.03 1829.54?, 2321.5 2327.2, 2535.5 2538.52,  2575.26 2579.72,  3051.2 3064.23?, 3889.87  3949.97, 4062.09 4563?, "
,,,,"DST_Two_start []  (duration  seconds), BT_Two_start []  (duration  seconds), ST_Two_start []  (duration  seconds), PST_Two_start []  (duration  seconds), VMT_Two_start [] (duration  seconds), ",,,,,,,
,,,,"DST_Blue_start []  (duration  seconds), BT_Blue_start []  (duration  seconds), ST_Blue_start []  (duration  seconds), PST_Blue_start []  (duration  seconds), VMT_Blue_start [] (duration  seconds), ",,,,,,,
,,,,"DST_Red_start []  (duration  seconds), BT_Red_start []  (duration  seconds), ST_Red_start []  (duration  seconds), PST_Red_start []  (duration  seconds), VMT_Red_start [] (duration  seconds), ",,,,,,,
,,,,"DST_Teach_start []  (duration  seconds), BT_Teach_start []  (duration  seconds), ST_Teach_start []  (duration  seconds), PST_Teach_start []  (duration  seconds), VMT_Teach_start [] (duration  seconds), ",,,,,,,
,,,,"DST_Narrow_start []  (duration  seconds), BT_Narrow_start []  (duration  seconds), ST_Narrow_start []  (duration  seconds), PST_Narrow_start []  (duration  seconds), VMT_Narrow_start [] (duration  seconds), ",,,,,,,
,,,,"DST_Green_start []  (duration  seconds), BT_Green_start []  (duration  seconds), ST_Green_start []  (duration  seconds), PST_Green_start []  (duration  seconds), VMT_Green_start [] (duration  seconds), ",,,,,,,
,,,,"DST_Wide_start []  (duration  seconds), BT_Wide_start []  (duration  seconds), ST_Wide_start []  (duration  seconds), PST_Wide_start []  (duration  seconds), VMT_Wide_start [] (duration  seconds), ",,,,,,,
,,,,"DST_Bar_start []  (duration  seconds), BT_Bar_start []  (duration  seconds), ST_Bar_start []  (duration  seconds), PST_Bar_start []  (duration  seconds), VMT_Bar_start [] (duration  seconds), ",,,,,,,
27,,,"Video A2A3 Start = 2:21, A2 ends at 8:07, 346 seconds, EEG start is at 13.517 seconds","DST_One_start [986 1048]  (duration  seconds), BT_One_start [1055 1077]  (duration  seconds), ST_One_start [1886 1912]  (duration  seconds), PST_One_start [1923 1938]  (duration  seconds), VMT_One_start [1947 1976] (duration  seconds), ",,,"[0 152.5, 195 211, 243 247, 427 469, 479 506.75, 
518 538.5, 565 590, 604 622.5, 645.5 660, 726 750, 
773.5 780, 841 865, 968 970.5, 1005 1019, 1071.5 1108,
1180.5 1183, 1189 1191.5, 1222.5 1229, 1256.5 1258.5,
1264 1271.5, 1338 1345.5, 1422 1442.5, 1513 1700, 
1865.5 1869, 2001 2014, 2050 2077, 2182 2193, 
2212 2234, 2250 2269, 2287 2308, 2323 2331, 
2368.5 2386, 2394.5 2400, 2531 2550, 2616 2628,
2644 2698.5, 2701.5 2704.25, 2727 2735,
2760.25 2844.5, 2867.75 2872.25, 2873.75 3282, 
3315.5 3350, 3360 3378.5, 3408 3520, 3520.75 3524, 
3538 3587, 3600 3607.5, 3618.25 3624.75, 
3625 3629.25, 3634.25 3644, 3646 3647, 
3655.25 3676.25, 3678.5 3685.25, 3689 3738, 
3741 3741.5, 3744.25 3745.25, 3747 3751.5,
3754 3755, 3756 3763, 3900 3935, 3975 3980, 
3983.25 3985.75, 4066.5 4071, ",,,,
,,,,"DST_Two_start []  (duration  seconds), BT_Two_start []  (duration  seconds), ST_Two_start []  (duration  seconds), PST_Two_start []  (duration  seconds), VMT_Two_start [] (duration  seconds), ",,,,,,,
,,,,"DST_Blue_start []  (duration  seconds), BT_Blue_start []  (duration  seconds), ST_Blue_start []  (duration  seconds), PST_Blue_start []  (duration  seconds), VMT_Blue_start [] (duration  seconds), ",,,,,,,
,,,,"DST_Red_start []  (duration  seconds), BT_Red_start []  (duration  seconds), ST_Red_start []  (duration  seconds), PST_Red_start []  (duration  seconds), VMT_Red_start [] (duration  seconds), ",,,,,,,
,,,,"DST_Teach_start []  (duration  seconds), BT_Teach_start []  (duration  seconds), ST_Teach_start []  (duration  seconds), PST_Teach_start []  (duration  seconds), VMT_Teach_start [] (duration  seconds), ",,,,,,,
,,,,"DST_Narrow_start []  (duration  seconds), BT_Narrow_start []  (duration  seconds), ST_Narrow_start []  (duration  seconds), PST_Narrow_start []  (duration  seconds), VMT_Narrow_start [] (duration  seconds), ",,,,,,,
,,,,"DST_Green_start []  (duration  seconds), BT_Green_start []  (duration  seconds), ST_Green_start []  (duration  seconds), PST_Green_start []  (duration  seconds), VMT_Green_start [] (duration  seconds), ",,,,,,,
,,,,"DST_Wide_start []  (duration  seconds), BT_Wide_start []  (duration  seconds), ST_Wide_start []  (duration  seconds), PST_Wide_start []  (duration  seconds), VMT_Wide_start [] (duration  seconds), ",,,,,,,
,,,,"DST_Bar_start []  (duration  seconds), BT_Bar_start []  (duration  seconds), ST_Bar_start []  (duration  seconds), PST_Bar_start []  (duration  seconds), VMT_Bar_start [] (duration  seconds), ",,,,,,,
28,,,"Video A2A3 Start = 1:05 restart at 5:44, A2 ends at 10:47, 582 seconds, EEG start at 3.22 seconds","DST_One_start [1310 1375]  (duration 65 seconds), BT_One_start [1382 1403]  (duration 21 seconds), ST_One_start [2342 2368]  (duration 26 seconds), PST_One_start [2380 2396]  (duration 16 seconds), VMT_One_start [2404 2430] (duration 26 seconds), ",,,,,,,
,,,,"DST_Two_start [1544 1607]  (duration 63 seconds), BT_Two_start [1613 1634]  (duration 21 seconds), ST_Two_start [2549 2575]  (duration 26 seconds), PST_Two_start [2585 2600]  (duration 15 seconds), VMT_Two_start [2607 2626] (duration 19 seconds), ",,,,,,,
,,,,"DST_Blue_start [1424 1490]  (duration 66 seconds), BT_Blue_start [1498 1523]  (duration 25 seconds), ST_Blue_start [2029 2055]  (duration 26 seconds), PST_Blue_start [2065 2081]  (duration 16 seconds), VMT_Blue_start [2096 2123] (duration 27 seconds), ",,,,,,,
,,,,"DST_Red_start [1649 1713]  (duration 64 seconds), BT_Red_start [1719 1740]  (duration 21 seconds), ST_Red_start [1928 1955]  (duration 27 seconds), PST_Red_start [1966 1981]  (duration 15 seconds), VMT_Red_start [1988 2014] (duration 26 seconds), ",,,,,,,
,,,,"DST_Teach_start [949 1021]  (duration 72 seconds), BT_Teach_start [1028 1053]  (duration 25 seconds), ST_Teach_start [2138 2164]  (duration 26 seconds), PST_Teach_start [2175 2190]  (duration 15 seconds), VMT_Teach_start [2198 2224] (duration 26 seconds), ",,,,,,,
,,,,"DST_Narrow_start [1192 1257]  (duration 65 seconds), BT_Narrow_start [1265 1287]  (duration 22 seconds), ST_Narrow_start [1826 1852]  (duration 26 seconds), PST_Narrow_start [1865 1879]  (duration 14 seconds), VMT_Narrow_start [1887 1915] (duration 28 seconds), ",,,,,,,
,,,,"DST_Green_start [677 745]  (duration 68 seconds), BT_Green_start [752 773]  (duration 21 seconds), ST_Green_start [2238 2264]  (duration 26 seconds), PST_Green_start [2275 2290]  (duration 15 seconds), VMT_Green_start [2300 2326] (duration 26 seconds), ",,,,,,,
,,,,"DST_Wide_start [1077 1140]  (duration 63 seconds), BT_Wide_start [1147 1170]  (duration 23 seconds), ST_Wide_start [2653 2678]  (duration 25 seconds), PST_Wide_start [2689 2704]  (duration 15 seconds), VMT_Wide_start [2712 2748] (duration 36 seconds), ",,,,,,,
,,,,"DST_Bar_start [795 869]  (duration 74 seconds), BT_Bar_start [876 901]  (duration 25 seconds), ST_Bar_start [2444 2470]  (duration 26 seconds), PST_Bar_start [2481 2497]  (duration 16 seconds), VMT_Bar_start [2506 2533] (duration 27 seconds), ",,,,,,,
29,,,"Video A2A3 Start = 1:50, A2 ends at 11:18, 571 seconds, EEG starts at 12.53","DST_One_start [873 916]  (duration  seconds), BT_One_start []  (duration  seconds), ST_One_start []  (duration  seconds), PST_One_start []  (duration  seconds), VMT_One_start [] (duration  seconds), ",,,,,,,
,,,,"DST_Two_start []  (duration  seconds), BT_Two_start []  (duration  seconds), ST_Two_start []  (duration  seconds), PST_Two_start []  (duration  seconds), VMT_Two_start [] (duration  seconds), ",,,,,,,
,,,,"DST_Blue_start []  (duration  seconds), BT_Blue_start []  (duration  seconds), ST_Blue_start []  (duration  seconds), PST_Blue_start []  (duration  seconds), VMT_Blue_start [] (duration  seconds), ",,,,,,,
,,,,"DST_Red_start []  (duration  seconds), BT_Red_start []  (duration  seconds), ST_Red_start []  (duration  seconds), PST_Red_start []  (duration  seconds), VMT_Red_start [] (duration  seconds), ",,,,,,,
,,,,"DST_Teach_start []  (duration  seconds), BT_Teach_start []  (duration  seconds), ST_Teach_start []  (duration  seconds), PST_Teach_start []  (duration  seconds), VMT_Teach_start [] (duration  seconds), ",,,,,,,
,,,,"DST_Narrow_start []  (duration  seconds), BT_Narrow_start []  (duration  seconds), ST_Narrow_start []  (duration  seconds), PST_Narrow_start []  (duration  seconds), VMT_Narrow_start [] (duration  seconds), ",,,,,,,
,,,,"DST_Green_start []  (duration  seconds), BT_Green_start []  (duration  seconds), ST_Green_start []  (duration  seconds), PST_Green_start []  (duration  seconds), VMT_Green_start [] (duration  seconds), ",,,,,,,
,,,,"DST_Wide_start []  (duration  seconds), BT_Wide_start []  (duration  seconds), ST_Wide_start []  (duration  seconds), PST_Wide_start []  (duration  seconds), VMT_Wide_start [] (duration  seconds), ",,,,,,,
,,,,"DST_Bar_start []  (duration  seconds), BT_Bar_start []  (duration  seconds), ST_Bar_start []  (duration  seconds), PST_Bar_start []  (duration  seconds), VMT_Bar_start [] (duration  seconds), ",,,,,,,
30,,,"Video A2A3 Start = 1:37 restarts at 4:49, A2 ends at 9:43, 486 seconds, EEG start at 13.7 seconds end at 500","DST_One_start []  (duration  seconds), BT_One_start []  (duration  seconds), ST_One_start []  (duration  seconds), PST_One_start []  (duration  seconds), VMT_One_start [] (duration  seconds), ",,,,,,,
,,,,"DST_Two_start []  (duration  seconds), BT_Two_start []  (duration  seconds), ST_Two_start []  (duration  seconds), PST_Two_start []  (duration  seconds), VMT_Two_start [] (duration  seconds), ",,,,,,,
,,,,"DST_Blue_start []  (duration  seconds), BT_Blue_start []  (duration  seconds), ST_Blue_start []  (duration  seconds), PST_Blue_start []  (duration  seconds), VMT_Blue_start [] (duration  seconds), ",,,,,,,
,,,,"DST_Red_start []  (duration  seconds), BT_Red_start []  (duration  seconds), ST_Red_start []  (duration  seconds), PST_Red_start []  (duration  seconds), VMT_Red_start [] (duration  seconds), ",,,,,,,
,,,,"DST_Teach_start []  (duration  seconds), BT_Teach_start []  (duration  seconds), ST_Teach_start []  (duration  seconds), PST_Teach_start []  (duration  seconds), VMT_Teach_start [] (duration  seconds), ",,,,,,,
,,,,"DST_Narrow_start []  (duration  seconds), BT_Narrow_start []  (duration  seconds), ST_Narrow_start []  (duration  seconds), PST_Narrow_start []  (duration  seconds), VMT_Narrow_start [] (duration  seconds), ",,,,,,,
,,,,"DST_Green_start []  (duration  seconds), BT_Green_start []  (duration  seconds), ST_Green_start []  (duration  seconds), PST_Green_start []  (duration  seconds), VMT_Green_start [] (duration  seconds), ",,,,,,,
,,,,"DST_Wide_start []  (duration  seconds), BT_Wide_start []  (duration  seconds), ST_Wide_start []  (duration  seconds), PST_Wide_start []  (duration  seconds), VMT_Wide_start [] (duration  seconds), ",,,,,,,
,,,,"DST_Bar_start []  (duration  seconds), BT_Bar_start []  (duration  seconds), ST_Bar_start []  (duration  seconds), PST_Bar_start []  (duration  seconds), VMT_Bar_start [] (duration  seconds), ",,,,,,,
31,,,"Video A2A3 start = 00:53, A2 ends at 7:38, 405 seconds, EEG start at 11.7 seconds ends at 418","DST_One_start []  (duration  seconds), BT_One_start []  (duration  seconds), ST_One_start []  (duration  seconds), PST_One_start []  (duration  seconds), VMT_One_start [] (duration  seconds), ",,,,,,,
,,,,"DST_Two_start []  (duration  seconds), BT_Two_start []  (duration  seconds), ST_Two_start []  (duration  seconds), PST_Two_start []  (duration  seconds), VMT_Two_start [] (duration  seconds), ",,,,,,,
,,,,"DST_Blue_start []  (duration  seconds), BT_Blue_start []  (duration  seconds), ST_Blue_start []  (duration  seconds), PST_Blue_start []  (duration  seconds), VMT_Blue_start [] (duration  seconds), ",,,,,,,
,,,,"DST_Red_start []  (duration  seconds), BT_Red_start []  (duration  seconds), ST_Red_start []  (duration  seconds), PST_Red_start []  (duration  seconds), VMT_Red_start [] (duration  seconds), ",,,,,,,
,,,,"DST_Teach_start []  (duration  seconds), BT_Teach_start []  (duration  seconds), ST_Teach_start []  (duration  seconds), PST_Teach_start []  (duration  seconds), VMT_Teach_start [] (duration  seconds), ",,,,,,,
,,,,"DST_Narrow_start []  (duration  seconds), BT_Narrow_start []  (duration  seconds), ST_Narrow_start []  (duration  seconds), PST_Narrow_start []  (duration  seconds), VMT_Narrow_start [] (duration  seconds), ",,,,,,,
,,,,"DST_Green_start []  (duration  seconds), BT_Green_start []  (duration  seconds), ST_Green_start []  (duration  seconds), PST_Green_start []  (duration  seconds), VMT_Green_start [] (duration  seconds), ",,,,,,,
,,,,"DST_Wide_start []  (duration  seconds), BT_Wide_start []  (duration  seconds), ST_Wide_start []  (duration  seconds), PST_Wide_start []  (duration  seconds), VMT_Wide_start [] (duration  seconds), ",,,,,,,
,,,,"DST_Bar_start []  (duration  seconds), BT_Bar_start []  (duration  seconds), ST_Bar_start []  (duration  seconds), PST_Bar_start []  (duration  seconds), VMT_Bar_start [] (duration  seconds), ",,,,,,,
32,,,"Video A2A3 start = 1:10, A2 ends at 7:10, 360 seconds, EEG start at 4.843 end at 366","DST_One_start []  (duration  seconds), BT_One_start []  (duration  seconds), ST_One_start []  (duration  seconds), PST_One_start []  (duration  seconds), VMT_One_start [] (duration  seconds), ",,,,,,,
,,,,"DST_Two_start []  (duration  seconds), BT_Two_start []  (duration  seconds), ST_Two_start []  (duration  seconds), PST_Two_start []  (duration  seconds), VMT_Two_start [] (duration  seconds), ",,,,,,,
,,,,"DST_Blue_start []  (duration  seconds), BT_Blue_start []  (duration  seconds), ST_Blue_start []  (duration  seconds), PST_Blue_start []  (duration  seconds), VMT_Blue_start [] (duration  seconds), ",,,,,,,
,,,,"DST_Red_start []  (duration  seconds), BT_Red_start []  (duration  seconds), ST_Red_start []  (duration  seconds), PST_Red_start []  (duration  seconds), VMT_Red_start [] (duration  seconds), ",,,,,,,
,,,,"DST_Teach_start []  (duration  seconds), BT_Teach_start []  (duration  seconds), ST_Teach_start []  (duration  seconds), PST_Teach_start []  (duration  seconds), VMT_Teach_start [] (duration  seconds), ",,,,,,,
,,,,"DST_Narrow_start []  (duration  seconds), BT_Narrow_start []  (duration  seconds), ST_Narrow_start []  (duration  seconds), PST_Narrow_start []  (duration  seconds), VMT_Narrow_start [] (duration  seconds), ",,,,,,,
,,,,"DST_Green_start []  (duration  seconds), BT_Green_start []  (duration  seconds), ST_Green_start []  (duration  seconds), PST_Green_start []  (duration  seconds), VMT_Green_start [] (duration  seconds), ",,,,,,,
,,,,"DST_Wide_start []  (duration  seconds), BT_Wide_start []  (duration  seconds), ST_Wide_start []  (duration  seconds), PST_Wide_start []  (duration  seconds), VMT_Wide_start [] (duration  seconds), ",,,,,,,
,,,,"DST_Bar_start []  (duration  seconds), BT_Bar_start []  (duration  seconds), ST_Bar_start []  (duration  seconds), PST_Bar_start []  (duration  seconds), VMT_Bar_start [] (duration  seconds), ",,,,,,,
33,,,"Video A2 start = 3:06, and last task ends at 9:35.. video A2 duration = 389 seconds. In EEG, 'trigger A2A3 start' is at 4.1 seconds, so A2 ends in EEG at 393.1 seconds. ","DST_One_start []  (duration  seconds), BT_One_start []  (duration  seconds), ST_One_start []  (duration  seconds), PST_One_start []  (duration  seconds), VMT_One_start [] (duration  seconds), ",,,,,,,
,,,,"DST_Two_start []  (duration  seconds), BT_Two_start []  (duration  seconds), ST_Two_start []  (duration  seconds), PST_Two_start []  (duration  seconds), VMT_Two_start [] (duration  seconds), ",,,,,,,
,,,,"DST_Blue_start []  (duration  seconds), BT_Blue_start []  (duration  seconds), ST_Blue_start []  (duration  seconds), PST_Blue_start []  (duration  seconds), VMT_Blue_start [] (duration  seconds), ",,,,,,,
,,,,"DST_Red_start []  (duration  seconds), BT_Red_start []  (duration  seconds), ST_Red_start []  (duration  seconds), PST_Red_start []  (duration  seconds), VMT_Red_start [] (duration  seconds), ",,,,,,,
,,,,"DST_Teach_start []  (duration  seconds), BT_Teach_start []  (duration  seconds), ST_Teach_start []  (duration  seconds), PST_Teach_start []  (duration  seconds), VMT_Teach_start [] (duration  seconds), ",,,,,,,
,,,,"DST_Narrow_start []  (duration  seconds), BT_Narrow_start []  (duration  seconds), ST_Narrow_start []  (duration  seconds), PST_Narrow_start []  (duration  seconds), VMT_Narrow_start [] (duration  seconds), ",,,,,,,
,,,,"DST_Green_start []  (duration  seconds), BT_Green_start []  (duration  seconds), ST_Green_start []  (duration  seconds), PST_Green_start []  (duration  seconds), VMT_Green_start [] (duration  seconds), ",,,,,,,
,,,,"DST_Wide_start []  (duration  seconds), BT_Wide_start []  (duration  seconds), ST_Wide_start []  (duration  seconds), PST_Wide_start []  (duration  seconds), VMT_Wide_start [] (duration  seconds), ",,,,,,,
,,,,"DST_Bar_start []  (duration  seconds), BT_Bar_start []  (duration  seconds), ST_Bar_start []  (duration  seconds), PST_Bar_start []  (duration  seconds), VMT_Bar_start [] (duration  seconds), ",,,,,,,
34,subject34 - Desktop 2018.09.02 - 11.55.03.01,,"Video A2 start = 3:51, and last task (before ""mental fatigue rating"" ends at 11:16..video A2 duration = 445 seconds. EEG start at 19.5 (when subject presses submit), end at 464.5","DST_One_start []  (duration  seconds), BT_One_start []  (duration  seconds), ST_One_start []  (duration  seconds), PST_One_start []  (duration  seconds), VMT_One_start [] (duration  seconds), ",,,,,,,
,,,,"DST_Two_start []  (duration  seconds), BT_Two_start []  (duration  seconds), ST_Two_start []  (duration  seconds), PST_Two_start []  (duration  seconds), VMT_Two_start [] (duration  seconds), ",,,,,,,
,,,,"DST_Blue_start []  (duration  seconds), BT_Blue_start []  (duration  seconds), ST_Blue_start []  (duration  seconds), PST_Blue_start []  (duration  seconds), VMT_Blue_start [] (duration  seconds), ",,,,,,,
,,,,"DST_Red_start []  (duration  seconds), BT_Red_start []  (duration  seconds), ST_Red_start []  (duration  seconds), PST_Red_start []  (duration  seconds), VMT_Red_start [] (duration  seconds), ",,,,,,,
,,,,"DST_Teach_start []  (duration  seconds), BT_Teach_start []  (duration  seconds), ST_Teach_start []  (duration  seconds), PST_Teach_start []  (duration  seconds), VMT_Teach_start [] (duration  seconds), ",,,,,,,
,,,,"DST_Narrow_start []  (duration  seconds), BT_Narrow_start []  (duration  seconds), ST_Narrow_start []  (duration  seconds), PST_Narrow_start []  (duration  seconds), VMT_Narrow_start [] (duration  seconds), ",,,,,,,
,,,,"DST_Green_start []  (duration  seconds), BT_Green_start []  (duration  seconds), ST_Green_start []  (duration  seconds), PST_Green_start []  (duration  seconds), VMT_Green_start [] (duration  seconds), ",,,,,,,
,,,,"DST_Wide_start []  (duration  seconds), BT_Wide_start []  (duration  seconds), ST_Wide_start []  (duration  seconds), PST_Wide_start []  (duration  seconds), VMT_Wide_start [] (duration  seconds), ",,,,,,,
,,,,"DST_Bar_start []  (duration  seconds), BT_Bar_start []  (duration  seconds), ST_Bar_start []  (duration  seconds), PST_Bar_start []  (duration  seconds), VMT_Bar_start [] (duration  seconds), ",,,,,,,
35,,,"Video A2 start = 2:37, EEG starts at 35.93, video A2 end = 7:09, EEG ends at 308","DST_One_start []  (duration  seconds), BT_One_start []  (duration  seconds), ST_One_start []  (duration  seconds), PST_One_start []  (duration  seconds), VMT_One_start [] (duration  seconds), ",,,,,,,
,,,,"DST_Two_start []  (duration  seconds), BT_Two_start []  (duration  seconds), ST_Two_start []  (duration  seconds), PST_Two_start []  (duration  seconds), VMT_Two_start [] (duration  seconds), ",,,,,,,
,,,,"DST_Blue_start []  (duration  seconds), BT_Blue_start []  (duration  seconds), ST_Blue_start []  (duration  seconds), PST_Blue_start []  (duration  seconds), VMT_Blue_start [] (duration  seconds), ",,,,,,,
,,,,"DST_Red_start []  (duration  seconds), BT_Red_start []  (duration  seconds), ST_Red_start []  (duration  seconds), PST_Red_start []  (duration  seconds), VMT_Red_start [] (duration  seconds), ",,,,,,,
,,,,"DST_Teach_start []  (duration  seconds), BT_Teach_start []  (duration  seconds), ST_Teach_start []  (duration  seconds), PST_Teach_start []  (duration  seconds), VMT_Teach_start [] (duration  seconds), ",,,,,,,
,,,,"DST_Narrow_start []  (duration  seconds), BT_Narrow_start []  (duration  seconds), ST_Narrow_start []  (duration  seconds), PST_Narrow_start []  (duration  seconds), VMT_Narrow_start [] (duration  seconds), ",,,,,,,
,,,,"DST_Green_start []  (duration  seconds), BT_Green_start []  (duration  seconds), ST_Green_start []  (duration  seconds), PST_Green_start []  (duration  seconds), VMT_Green_start [] (duration  seconds), ",,,,,,,
,,,,"DST_Wide_start []  (duration  seconds), BT_Wide_start []  (duration  seconds), ST_Wide_start []  (duration  seconds), PST_Wide_start []  (duration  seconds), VMT_Wide_start [] (duration  seconds), ",,,,,,,
,,,,"DST_Bar_start []  (duration  seconds), BT_Bar_start []  (duration  seconds), ST_Bar_start []  (duration  seconds), PST_Bar_start []  (duration  seconds), VMT_Bar_start [] (duration  seconds), ",,,,,,,
36,,,"Video A2A3 start = 1:16 ends at 6:48, 332 seconds, EEG start at 4.612, end at 337","DST_One_start []  (duration  seconds), BT_One_start []  (duration  seconds), ST_One_start []  (duration  seconds), PST_One_start []  (duration  seconds), VMT_One_start [] (duration  seconds), ",,,,,,,
,,,,"DST_Two_start []  (duration  seconds), BT_Two_start []  (duration  seconds), ST_Two_start []  (duration  seconds), PST_Two_start []  (duration  seconds), VMT_Two_start [] (duration  seconds), ",,,,,,,
,,,,"DST_Blue_start []  (duration  seconds), BT_Blue_start []  (duration  seconds), ST_Blue_start []  (duration  seconds), PST_Blue_start []  (duration  seconds), VMT_Blue_start [] (duration  seconds), ",,,,,,,
,,,,"DST_Red_start []  (duration  seconds), BT_Red_start []  (duration  seconds), ST_Red_start []  (duration  seconds), PST_Red_start []  (duration  seconds), VMT_Red_start [] (duration  seconds), ",,,,,,,
,,,,"DST_Teach_start []  (duration  seconds), BT_Teach_start []  (duration  seconds), ST_Teach_start []  (duration  seconds), PST_Teach_start []  (duration  seconds), VMT_Teach_start [] (duration  seconds), ",,,,,,,
,,,,"DST_Narrow_start []  (duration  seconds), BT_Narrow_start []  (duration  seconds), ST_Narrow_start []  (duration  seconds), PST_Narrow_start []  (duration  seconds), VMT_Narrow_start [] (duration  seconds), ",,,,,,,
,,,,"DST_Green_start []  (duration  seconds), BT_Green_start []  (duration  seconds), ST_Green_start []  (duration  seconds), PST_Green_start []  (duration  seconds), VMT_Green_start [] (duration  seconds), ",,,,,,,
,,,,"DST_Wide_start []  (duration  seconds), BT_Wide_start []  (duration  seconds), ST_Wide_start []  (duration  seconds), PST_Wide_start []  (duration  seconds), VMT_Wide_start [] (duration  seconds), ",,,,,,,
,,,,"DST_Bar_start []  (duration  seconds), BT_Bar_start []  (duration  seconds), ST_Bar_start []  (duration  seconds), PST_Bar_start []  (duration  seconds), VMT_Bar_start [] (duration  seconds), ",,,,,,,
,,,"important_labels = {'trigger A2 start', 'trigger A2 end', 'trigger A2A3 start', 'trigger A2A3 end', 'trigger B start', 'trigger B end'}",,,,,,,,